<?xml version="1.0" encoding="UTF-8" standalone="yes"?>
<addon id="repository.heyfordy" name="heyFordy's Kodi Repository" version="1.0" provider-name="heyFordy">
    <extension point="xbmc.addon.repository" name="heyFordy's Kodi Repository">
        <dir>
            <info compressed="false">https://raw.githubusercontent.com/Bitte-Ein-Git/kodi-repo/master/repo/zips/addons.xml</info>
            <checksum>https://raw.githubusercontent.com/Bitte-Ein-Git/kodi-repo/master/repo/zips/addons.xml.md5</checksum>
            <datadir zip="true">https://raw.githubusercontent.com/Bitte-Ein-Git/kodi-repo/master/repo/zips/</datadir>
        </dir>
    </extension>
    <extension point="xbmc.addon.metadata">
        <summary>heyFordy's Kodi Repository</summary>
        <description>heyFordy's custom repo</description>
        <disclaimer></disclaimer>
        <platform>all</platform>
        <assets>
            <icon>icon.png</icon>
            <fanart>fanart.jpg</fanart>
        </assets>
    </extension>
</addon>
